1000000038,uoren
1000000009,igerk
1000000048,qouez
1000000037,sitew
1000000155,gslag
1000000197,ufnja
1000000065,rezop
8236274995,sureu
9975679118,wnxgk
8503165701,zexpt
5580383944,jnbna
2201967047,iwlnw
1255212210,kxayr
9373360633,vqlov
3854477516,gkkfs
2957932059,ufyrw
3130477462,rdltq
1753930925,mbozo
6846453648,llnlj
6789430831,eiarw
9591951674,xzghf
3444889377,admzx
1356581140,iqatl
6502108163,shmgi
4558175646,cturh
9735592789,fvphn
5461352792,memun
3702312855,txrfw
3762474178,onoqj
9025861961,aksoq
9557005404,btkxk
3711017707,reiim
1945276070,vwsjr
7864701693,gdozi
7172639776,mpycf
5639339519,jcpbt
7440034122,hemtd
1254620785,ymkgv
1360940708,wbron
1593659091,kwsav
7480745134,cmkar
9109552037,rltip
5314497000,oqvcj
7618341223,zbwjh
5999069906,thlmx
5994372249,yxuqz
6895721452,rsmev
2824054715,fvgae
5319053238,vpurr
4714022221,fssdd
5008370864,aykll
9189692367,jlkdd
7997443930,jvxxz
4960226753,scwbd
2178666036,ayswr
7765890979,lelgj
3097614782,ogiat
2063814645,tkgfp
8354011768,jomgo
9448151351,lbqie
3425082594,tkcnj
3940638697,wbnhh
9767316860,wwngy
4127558283,ibkog
3692628166,azvmh
7559095709,lakbk
5754914112,oxwtm
4867100575,fpnuw
8223016298,utujz
4697246481,vtbfh
3656080324,hhiew
3791591027,qpwat
4637315790,irqek
5397535813,ckbsg
7362156296,zmzwy
1619186439,zrrcy
8016819442,bjijq
2367112505,ebhac
7723266828,aivso
4202507611,hxyip
6266564054,hjdgf
2611749357,bhytj
7860640720,zuvhd
5087359343,llfun
7848450426,jvvgn
3831363169,jnkkv
4472530772,brgfz
6937050435,mgjkb
5691963358,sjvps
1545134741,bcdix
2461733784,qtsnz
4710313687,hzmsj
1930491650,jvcpa
4554228873,ddjmq
6652710556,mhbiw
9720825899,ulzxv
9151248102,wooqd
7190114365,pxcbr
6006305888,nmnrb
6146327871,pvhyj
1086789514,xlqyv
6836484017,psiqs
8580068580,dmitc
1195344403,liboj
3116136686,tdxgv
5452774629,axshy
1522171432,beluf
3979504295,glzqb
8583494418,rtpzm
7267287001,tnwub
1626931244,fpgex
7179460347,bevtm
7782571510,txser
6447905933,xmexc
3419928816,fqxuq
3832409359,lpfhj
7494500762,gmbos
1398420225,yqwtj
9380728948,kmifs
1009212131,zcefb
3207358974,ikufg
5368442677,mqvrx
9751200440,hzlin
9789113463,didcc
2585286946,pmqxr
8304930089,lzwpe
9417436092,zartf
6780062155,xfwvy
9395209478,vexho
8313303261,lmwqo
4593272704,afdrf
2472631007,ucest
9939155370,kutbn
5736166993,bzvzw
2473411076,vuatd
3955536819,qgqmw
9080177422,epehg
3697630085,jekpy
5664136008,fzsbb
2960760391,iccfb
4189872434,yavav
1001225337,bqbre
7039636300,axteh
2846266523,bplne
2785501206,ltdeu
2509429549,goyit
9711924752,zitwi
5964324015,rxasq
9264708538,hsoay
1572783521,venir
9042358164,rtmxz
4903425667,idngo
2985843230,ghwcg
5716612053,ftfhn
1062757336,woimp
6331808279,ghvur
6981878082,mnmbk
3633343945,mjqzs
9314127068,eizam
9610572651,hfhnp
7835929894,uldcz
1568431997,slipf
2950976160,zcsld
5984403583,fzovb
1686379466,gzjgz
8427873009,xphee
6999237412,wypzd
7997889875,ouowj
8969591598,vxnnl
3375327781,sskhp
6895787624,lpowx
6825444327,qtnxx
6348235090,rvyjw
9326841113,dxqrw
6877567596,covpd
1442823739,giwtr
8313202742,negcd
6591161805,eswrr
7428302128,wkmut
2008248911,iztbq
3187131354,pdgms
1943662657,jtchm
6830820020,vvsex
8461124643,virub
7697521726,iqnwm
4661860469,hglah
1912974072,drkjd
8186359735,fsyja
8927458658,mhxfl
4490536041,wcvny
2315161084,yxolt
5632286987,csbnu
1291930950,jslvd
1144454173,rcypo
2047441856,aevxj
1010183199,itndg
7227751402,mdfco
6796683665,afjbu
4744261188,fkpri
7643389171,skkqb
9525076814,aqfvn
2040517317,qdgei
7864767880,oslvu
8174029703,cvbnx
3668527986,wsjnl
9052991929,tfvew
9126734732,xeocc
8675333595,cthkz
9195909718,sbrdw
6128008301,nhupu
2702078544,rnnca
3757553647,ywhuc
2922530810,ftiuv
1387051233,kwqui
6141980116,rmlkr
1995486659,kyzep
2919124062,vxeiz
5315509525,gjvnf
5639604248,xtyin
1445593431,vsloo
4371366274,vfahq
6812595977,stotx
2078419740,foujz
2660718763,tpirc
9888998246,nqxly
6682867389,mitxw
3354119392,hveke
9450411455,uexkx
9472544778,upnoy
1937344561,mjpwa
9698140004,tjtrw
8674844307,rdfkd
6185634670,duyhg
2912232293,cbkzn
4170782376,jvcwl
4600334119,cluth
8620920722,xntqe
1053239385,pjjww
5131931308,maqmj
4784461691,wonip
4487599734,armfp
8253498637,xjcsd
1337375600,mrqfh
7098791823,uusdt
3088532506,osvee
3873086849,ecvrm
9348728052,kudxz
8337193315,vwizo
9094963838,llhbq
5008144821,qxnjd
1184945464,gxvbc
5897758967,bhgwb
3866842530,tjvyi
7217597353,wveev
9583448636,vsicv
3266325579,ztvoc
6606741382,ywzvz
8755473245,dygmv
6878842368,hfgef
4469593951,oadsh
2875377194,apbis
3396825297,wjltx
6347235460,pttoq
9305848883,sspbe
6436730766,milsp
1185250309,sipvc
2904160712,yvszg
1001279175,kwpxr
7040766898,pmlka
2870009081,bfuqg
3284094924,acqnw
3979897627,fgexd
4591754390,jvbbv
6440746413,hntyk
1269578896,kpwxa
4675061039,yzhvp
2190186042,nxufl
5007811105,sntzk
5177937428,yihzj
6750590211,eiwzj
4776298654,gmaej
3316175957,ceijb
6653599320,ayzwe
5739489943,morfn
8543193026,dfxkf
2420957769,grpeq
9854017372,amcbq
7948269035,mdxwn
1927553958,ywlzs
2492537341,rljks
9357188384,ynywa
7514860287,feruj
5825970250,jxvmy
1359279473,oadnw
4558773156,snven
9748140499,pxyyi
5724854702,rzvpx
9235852965,xwbqq
2966816488,mapio
1317050471,nyotl
9671964114,klyhr
6125150617,nxpox
7642067180,xfyuw
1497315003,vssxk
8457519286,klkav
5621809229,yptmi
7071898032,gzuhi
2523762895,lufai
1012925018,fzpdu
3285329601,nzohy
7005825844,yujlu
8136246947,fjlay
2875090110,uhzqq
1390796533,hbkpe
1220631416,vudmx
4647163959,zcwpj
5604347362,wodgz
2705198825,znkln
2823079548,ifwjv
6298574731,mryzg
2283973574,cwaii
5977349277,zjkwz
3538239040,uspza
1316924063,qznak
6669309546,dlrzu
3069404689,mmnml
3471402692,trhvb
9913360755,rvkct
2194480078,lynaz
6097985861,qsyfv
5071607304,iigzi
2517657607,cnwqa
6884713970,jlrqj
6592897593,sjgen
1464753676,bqlos
5773731419,lellk
4262264022,guuov
9521448685,cqlai
6964326608,ljweb
5264762991,hylne
6573927034,yqwme
2066371937,pzlam
4407714900,xiitw
9575917123,eyory
5108163806,zeixk
8285344149,leiwt
4006131352,oxjll
8142662615,pamcc
3009819138,ybmhv
4220106121,kntye
6636132764,tzibw
1372692267,upccn
8840441830,vskgd
7663182653,xyfla
7940739936,jmevv
5769442879,zfiug
9172204682,onhyr
6630202545,esgiw
8248157668,tgogm
1225215251,ufmzr
4743424494,pjdte
7625818597,yumio
9156094760,uydby
3291894183,whqcq
7143682066,oyweg
2031227609,kylxa
9669684012,emljf
9077268475,pjbdr
9636542198,pxruz
1381290381,prghv
9021002224,yvtuc
2454950927,zfanc
6567873690,crqnb
3939251713,vfkyi
6738190196,epivj
9515898339,jncru
5847769342,yqstk
4817060405,utrwi
8172172728,tzzlm
7629531511,cirpg
9234065954,ctvmq
4929289257,fvdhm
5528978620,afcsb
4122455243,pmugi
8585464326,ecjdn
4308655069,wiwpx
8495660672,etsaf
4422778335,kfaqo
9892249258,pqwrk
2751138641,xiytr
3787815684,gxtsc
8558033587,iqkgf
4732609550,jlbdl
3398704773,gqsjg
3386704456,gyyer
7134697799,ibagu
2842558002,rotmi
3707622265,wuyid
7873971788,gsohx
3367311771,bnnty
8727451414,tbwtg
8290383917,odhqj
6111966480,ehaxt
6365200303,ivpje
6683110586,spwiw
2359226529,tjljc
2557661332,kcgiy
1724792195,mwbvm
9234540318,nzvnz
5939250901,qxwgg
3738173144,aaxyl
9515540247,vuuhd
5840249410,zthfb
4659141833,frahm
4855882716,ouokj
9987441259,paili
4750170662,rojom
9767488125,ukgqt
8131154848,lpotw
4768156031,paprh
4145180874,egduq
1062702577,ojqxw
3330658340,zokke
3957729363,zgohy
9126220846,htqvm
4664541989,mnmcg
7969285992,wgmba
6368910055,eqlxp
3761015378,jydui
9995227161,hvqyc
6913674604,ohved
9201070907,jrswv
1236393270,yudnv
5978162893,frnso
1555324976,cbmhx
5675728719,wpsmp
3204207322,vdwqh
9302257985,baavy
9361321908,xuscj
2601664291,phcdz
8648854334,rfdfn
7639845237,acetq
5450654200,totrg
8477642423,dtifo
7044395106,gdkaf
4946201449,tqpwv
9884134652,qpctw
3580731915,pwyvr
7209274438,rqhmi
6408667421,npbwx
5595920064,pecch
7528225567,hvxyt
7106641130,urkwm
5253367953,hoihj
3334631236,zycgn
3041160179,kwenu
3878267982,bcydg
4457531845,fncen
2622072968,xaekx
7077436551,rrnza
2640071794,ybbaj
3455411897,omfuz
9577554060,zwcab
4142539483,ihomo
2007233366,cmoiy
9165804909,nzpcb
7495807312,rbcsd
3425857775,liqtd
5956917498,pubtw
6109171681,cegrs
4306509524,uvgkd
9450604227,eafvc
1476592990,gnfkh
9022357013,jxqzq
3483401496,vqnwk
5165335639,jyorr
8485952642,ilopy
4218909705,staxp
5611008028,efekp
2845072811,lvmbw
5760433254,dymsu
4983002557,ybtmt
1656957920,mxgbm
1810020543,gvfgs
6024335626,wlxax
8524952369,omsap
5037903972,odoav
4809887635,kzzfn
4021544558,uskcv
3466339941,ylqgr
1807042984,kcejf
6961806887,bxtvx
5211848850,ijdym
5462730073,allzq
5731235756,avkna
9369855099,fnlvt
5780861302,efyjo
6411991565,dmlwi
8665727088,lgtoh
2994173071,fossq
4891538714,kvlvi
6736217217,ncvya
1474465780,rdhpo
2977685603,wucjq
5545301886,muygi
6465243829,hlzze
2784024632,pmzaj
4478421495,jqlgo
5060755618,nxtvm
3289772201,jtgmc
9099120444,yyzze
6095433547,jgsii
1018008710,yxwza
9392087133,fiqsq
6247734016,ggoab
7216318559,cjulx
7556593962,ylwzk
6702377425,cjtut
1763830148,bstxt
4054337331,vebnw
8154988174,uteiv
8268655877,fmhbx
8655677640,gajcb
8783134663,vhmob
6459732146,grwbq
9668279289,pyutl
6047769292,tngxx
6017059355,efjng
3372150678,jtisy
2829068461,kpfwe
4424341904,iexgf
8925084207,oydkt
5440672570,qfizd
8268028193,fdkqs
2642496276,qzlbt
2506326019,lljqj
3646750622,pbomj
7595667285,vchzn
1522917208,crskq
3995165591,xrvji
8912381634,pahbd
5173918537,doomh
2666193500,xbinn
2003967723,rjqbk
7097226406,fdbzq
1055658749,uzhri
7182737952,phkzk
1851401215,ncydq
1893329738,fdrpq
9773828721,gjzyk
5264307364,jfpnf
4564358867,fhgna
5865440430,qehbf
7188153253,tqjsu
2965122536,zzxsp
2281477479,nzynz
6924931282,kyfzl
9437461145,mfssu
6200588268,viacl
2226257851,gycpq
3765319094,wprvj
7085605197,giigx
5811613360,iqwps
1057784783,hbzcv
7227384666,vxfvb
2788982209,rbzvr
3582530612,rtilo
9247047075,rrwca
3201892798,wmsud
6253652981,kdelf
5340616824,bgeic
5166857527,ibdjw
5517912290,wdpgo
1890062313,dahce
7705212796,hascu
7823372939,vmxba
8304735942,fcglk
1413359005,ktoqd
4694443328,kmiav
8597214111,wfxdh
1555400554,bnjtp
1677315857,dqddr
2237537220,divmt
6002185843,hwpvm
8059806926,ugbci
4269849669,yynvd
6680747272,xyqit
7309596935,hmjlp
9515439858,aozxc
2838141241,sezha
1614870284,ldiof
9926180187,qmdfj
5463688150,jehzn
5751355373,ahbju
9792367056,qlkpi
5653612399,njnmt
3739764602,pzwxo
6548960865,cpchu
3542082388,mqbts
7397634371,owbrh
5364226014,vhvfy
8662650517,duhsg
9929565080,cjizg
7534770903,wdxam
3244093186,umfvi
7139861129,xlgac
5950987932,nxlic
8984650795,jozsi
4691570918,fxsny
2536893501,albyo
3288667744,nsasp
5075926847,krcqr
4608368010,georo
4789632433,tccsw
3596185316,lztdp
3533795859,rfcsd
3223617262,qixrc
9709866725,oduqu
8921105448,nwaep
2357118631,oxrtr
3513395474,oeshj
7795209177,hbokv
8713296940,uafrt
4993139963,igxey
5869843446,trvtx
7280616589,kjuec
4906852592,nsigb
7057808655,tnekz
8227885978,aecfx
9799509761,vnfut
4803609204,ennbi
8889697507,kluhp
8697551870,yujhc
2662493493,ncsrm
2926267576,rrstz
3465523319,qrovl
3789893922,izbva
2601676585,lfofo
8649112508,fejrn
7645266891,lepfx
5564508934,expws
1868591837,qmlek
3254332800,xmlaj
6354893023,mlpcr
3466657706,dhvoa
3813716049,kcezh
3101941252,cfgtc
1154670515,bjqmp
3261985038,clcol
3515590021,lczce
3841294664,qinny
8681092167,oxauy
3316839730,kygsr
2667538553,itcai
5032213836,sdtwr
1690394779,hjtgm
7512194582,zyumn
1769990445,ucmvx
8183703568,mhvsz
2871679151,pcttd
6319166394,dniwj
7716398497,zftun
5058272660,htldh
1237630083,axkos
3004135966,jbbgv
8100759509,bxywr
5129853912,dzelx
6740836375,qmdjg
8571468098,qsbev
9014734281,kgsuv
1323324124,nfyoo
5803710827,trltn
7891831590,cwojj
7742367613,mbvrm
8603624096,djegp
6690010239,zrwrn
3504119242,tgtrx
3600408305,hmoug
3622478628,ezesi
5085955411,ogjlz
3818967854,xpjbx
2212229157,yaout
5470716520,cpcxg
5898951143,zgvna
3891878226,btzhm
7743346969,jvuuj
2624190572,urafs
1121906235,xduma
6573935158,qqpsp
8066542541,yrvtg
1411297584,vwaxd
6651153487,ogbkd
3688127450,meuml
2464580673,plpjz
4770098356,rzpir
3185969699,egkbb
3919267902,rzxtw
2318530165,dhegr
8703037688,hsyee
5777695671,jtrac
8345513314,rtegc
3269683817,vniio
2677264380,mznls
9236456203,lobsw
6979484486,ubosf
2583078429,ueamg
1258551232,ddajl
4443480095,cgymo
6326986218,pancm
1880614801,hqcii
2506815044,zdlnx
4657020147,ridrw
5811327310,mwzmh
7051777733,kqole
4101236616,cafqe
6139873159,tzuvk
7951240562,eupqk
7989956025,mjusc
9802980748,qebrs
6876499931,ibkwo
6420402774,qboxt
6842362477,tqspo
1703516240,cwkro
8787745263,ugxoy
5556554746,bgecx
4701553889,ynbil
2746535892,pamey
7691157955,fzqyq
7528221278,ecmpw
2106551061,cjcba
6251476504,cdgih
7294910807,ggwhq
9207031170,iyqwe
5361558793,qcfhc
9606638876,wlgka
6753320619,cnmeq
1833637222,oitwq
1520285885,dcyzl
1939907808,ojkhg
2751968191,qxiwg
5805236234,musse
4923865137,uvtib
5415072100,kwkft
1730418323,cixbi
3352689006,jrrva
2420373349,znahj
4841744552,gvdyo
8690539815,kvjdd
9515240338,kpawv
3833951321,vzdsc
8526881964,ndtha
9078425467,ugowq
6660839030,zcldb
7891523853,znwks
7735905136,bxibt
8467912079,dyuir
3840057882,wwwsd
6655119745,zolpk
6771418868,bomnt
7213700451,pognz
8501613694,bpyjs
3547791797,rorow
5517531960,ikuge
2882075383,xfslu
5537487266,emlrb
5301136809,eisnw
1337777212,tolrz
3107225675,dkpuy
2265643398,lelin
3592415581,rfuks
8454631424,rohch
9561164127,igqcv
6798350890,ovjzo
6779272913,kezzz
4378635396,znfkv
8965247539,uccpo
1284102542,vgeei
8980057605,ooqgr
9595113928,mumxt
8511296711,dkzcl
1751135154,abygo
4787742457,vasar
9556495820,gxxmb
8700316443,hapyi
9720549526,gmcvl
8145444269,xyvxa
9068233872,hxdhf
2446815535,rdild
2397030458,ztaxg
8351543841,beise
8396324884,rzstu
4336726787,etuzq
7085166750,winzq
2802405973,vttde
6864429656,ycaaz
9166926999,gbgqt
4519371202,mjuff
9920699465,qjykk
4348592988,ogtdi
5334356971,jydeb
3035400614,hcejc
6757317117,fpfli
4917563680,ayrxf
6282741503,ynowa
5951475786,amgts
8994895729,qeqti
4906714532,udkam
7054909395,ofevt
8167001518,mwtft
8520936101,ygioc
4953562344,iorrk
3038713447,jhobd
2826886610,xvgjx
5378523033,syfwt
5962887916,ykrts
4234550459,ktyvh
1939463862,cdxtu
8742645325,heewg
2609456048,hvdne
6812481231,bhcgg
6076010074,ygspz
3610115777,kcukx
3826335540,bncai
9366950563,xindg
3719866046,vkbyz
9131091189,hbgmh
6766819192,mkphb
6117107255,qrfke
8473156578,entho
4950192361,bgyqj
6967943804,glvhm
2340724107,uonca
5169110470,vrmmy
5565224093,odpvp
2883610176,vadoh
1569717919,rqnrg
4977980522,yxutg
2551495185,gpwtr
6595303108,zqild
5515269491,gbiyz
7834563534,xtzai
3539738437,gtavm
7348411400,ivjco
4330543623,rkfog
4955320306,wpwhc
4075630649,bneln
1602147852,djhel
4659009115,rmhrh
9853095638,tzcfe
8928912621,syoxm
8521069264,wvdtc
3956358767,gwqki
5097438330,fptov
3060109153,efhny
9276196436,ojaso
2814029379,emouj
3108521182,drggm
4292849045,jmiby
9163734168,sgplv
4452321751,kscrf
8512660994,bhobb
1779785097,efntb
5389391260,yyufe
4191120683,gorrp
4027438566,pjxfx
1590114109,uppxj
8406300512,wysnz
5546214975,utgho
9484418698,jgmen
6186696881,rmbif
6934538724,szrre
5639217427,omwfj
9437470190,hbhzq
6200778213,itkod
2230246696,yxlld
3849084839,ycqbm
8844685842,vvnmm
6752306905,ucash
2812349228,jzlsa
8073238011,baulq
2551902454,zkokx
7603855757,tibjj
3694875120,phgcv
3606281743,swyto
5745820826,fensx
3676141569,quzkh
6212877172,qjtgv
9484324835,qzdtl
4184725758,oisul
1893145141,nojnj
2769952184,yvonn
1182900087,ndjop
4854806050,reakm
4964831273,vdoaw
5275360956,bohvk
3796484299,ukzdy
3740074502,idtyr
9555468765,glwqa
6678748288,mjgot
4267618271,vkyjm
5633887914,xmbeh
8325550417,narmd
5850462980,pxhix
5873626803,arjwj
7360067086,lkstb
6575313029,noloz
6095477832,xllar
6018938695,sqrkc
8411616818,wbbfm
2657857401,zfdke
8828909644,oxoiq
7421006747,pvhcj
2855045910,gcwue
6969868333,pouiy
7381139216,zfcck
5017827759,odqtn
1388287162,uhmkp
1167934625,fcmmg
3540531348,yukwo
9365062531,pmdlu
9680217374,dmzhp
5298469077,mvsco
4281754840,iyxuk
4930755863,ozodl
7559777346,xbihx
9769228489,yyldk
6167702492,ghwho
9535656555,ntmgx
9262691878,coxck
7530433661,kqkyt
5153011104,xvwfd
1227137407,wedhh
3783789770,pnqmx
1473489393,hbqvh
7957181476,qxxnz
4114715219,ixssy
2422923822,nrtkx
3895304485,ygdcn
2815298408,mrddf
5135170791,amhsh
9852490834,qigoy
4916211737,gyvaq
7254350700,tnhpx
3355268923,gpfjr
6474551606,vylab
6979487949,scpzu
9583151152,wsfeg
5260078415,dmeam
2475550938,wwafn
8000473921,zocfz
2023856564,wcxhc
9514892067,azepb
5826637630,antfs
4373294453,bkehl
7853087736,tfjtm
9928746679,wuaab
3517584482,cwdzf
1883178345,faflp
4560649468,imfdr
1787543051,zeefn
4552308294,pyuat
9612378397,gyojy
2873850560,plvvk
3364765983,ccmho
5673989866,eraju
4167691409,tiaxn
6535423812,nooho
3257804275,hqoxz
1427793998,npkkk
5997578181,ummhw
3963046024,cnncw
1237870727,kygkv
5009189490,takhj
4206883513,arzpo
9358457996,aedkq
7541522139,nhecq
6385869142,cedsj
4117156205,bchho
8474184528,ccook
1971779311,apdbg
4421269754,rcmvo
8860569057,ckxim
4085854420,pltsd
6816847043,cthjc
8167692126,vnfmc
1535438869,rotup
1258120472,zltni
2434434135,kpthx
1137021058,fxkyr
4891346441,nanwl
9732179484,psbue
4389673387,dnuyh
4197045350,jzvfm
7151856573,dpbyy
7202892256,aevne
3274641599,nchcz
8781377802,urrvo
8422838065,xydry
4893503588,ncxih
9777479571,jnymm
5340975214,xpssc
6174383717,yhefl
3675962280,fadwv
6209112103,tvwwo
9405258386,ujtut
2524330329,adjbq
3024841132,xyfps
8535567995,jncpv
5260832118,nvvst
9491378701,snpqm
3332856944,fnvyh
7003900047,rbkcc
4095805210,czcjq
1025813633,usdyi
6555990516,ymdvg
6689705059,yqupg
4497710462,gvtdv
1465823925,awwny
1796206648,apxez
3734243831,nbttz
6433024674,btngp
1107422377,uhhqw
1269774140,nwrhb
2679161163,pjylw
6276288646,woowu
4815965789,njvgc
8149185792,vkyks
7146805855,nezwu
8096827178,wjsps
8047274961,ueess
8006678404,aqiom
2154150707,cdwam
3251069070,axyyh
9286354693,snmsj
5027352776,iqvdh
3588312519,nxorr
1368467122,guhqk
3751713785,uuosu
6799893708,auryt
8811672091,zsink
1059018134,sxcna
7253285037,mczaw
3332890000,qiqaa
6004594223,awuqq
6110382906,rqkiq
9331945249,fjjoy
8984754452,viwax
8693747715,yozyq
3582606238,xqynq
8248635221,yqmug
5235243864,clzpw
5954025367,rufck
7048436930,easac
1031079753,pyqry
1666579036,gopge
1012063979,feuua
3267247782,cymbn
6626107645,ivkpx
9162164768,utxpv
6419364351,bgwrx
3820555594,uxold
7245571697,utjqn
5170909860,msnaw
7603011283,dkrnz
8677141166,qjvqy
2233868709,qrfmj
2925147112,ejiuu
3441993575,oonzg
3295769298,clbsl
1225059481,xvvqk
6740153324,vitsa
3557124027,siszx
9713508790,ddina
7997588813,ebosb
5963269296,xwmyo
9242559439,axlvp
1107652442,vsxpk
8274605505,yjvsk
6780619828,uxnck
6406920611,pgmea
5559237054,pdxdb
6757882357,ndyzb
8929433720,pwvol
7532012343,iowdg
6186163426,gxdwz
8923336169,qlher
1403963772,itwhy
6497143435,xwcxv
9453916358,fmsab
6546147741,fipen
9483006784,ymkdk
3157046687,ltytx
3311884650,rdsom
7563481873,rlitl
1847023556,gaxaa
5801398899,aflsl
8843281102,ysylv
4722807365,kwpir
6192858888,oawho
2063940871,iybrt
9356662514,mxtmx
7503817017,voegg
5594061580,shyss
5489197403,wcqll
1287049686,kzngg
4041947629,bpgci
2894804432,zrhsd
3804797295,gormu
5914647418,aedaw
9221500001,xwboj
4665404244,majbg
8987393347,rcxag
4749164510,fzxos
3746358933,cugwh
1687441816,cwliy
7450182359,kfvlt
9467733762,ezvpa
7836313225,cjebj
4576481948,kjikx
6120025131,cmskk
3534431974,bpimx
7236975677,hycej
1990393440,ykkta
9812166463,kxlqz
7069399946,wbkgn
1471303089,hjbbv
1911269092,mckur
6150555155,jdpmh
3175562478,bmslf
4700716261,uyffq
4728945704,edtoj
3321764007,gxukz
1770948370,qwdcs
9203819993,umyka
1294124076,fnmza
7190509819,ttaya
9014610422,redku
9320723085,ptsjd
7749089008,tzzwe
5744773391,trqrd
6654145434,qzscy
8750958337,sxsvw
2784029300,umcay
1478519523,xprra
2062814206,ukcvi
9333002549,gpbwi
7006957752,gohys
4160017015,gtpao
2374261538,nwaqw
7873396521,ypnsg
7355231164,omsqi
9473758667,cyzeu
6962836230,hmipl
9233465053,cxgrz
6916670336,ufxwx
1263981279,wwmjo
9557511082,uzbor
7721636945,lqpkw
3168280068,lrjvi
7547785651,wxhcp
4517402894,iwwgu
1879364997,vcqhn
1480569160,hdpkr
6105856583,gvhwh
2236892466,ejapf
2988646009,jlcsn
4775470412,tdlrj
4298782875,fmnxv
4288344598,cgyrq
8069140781,rynzw
4465860624,ufhvw
1796977327,mghry
3750428090,wmbhe
6772894113,mosbn
8244680596,oguox
7152196739,kgxyh
9210035742,vuodp
8424654805,kpvti
4931655128,wpvzy
1578661911,zmotp
4165804354,bjvvy
8495795657,tigsi
7425613020,nocdt
3951777643,unkpg
7001234726,tlxol
6039833469,vpzjk
4850407072,omukk
1872452735,sfsaz
9335411658,cppes
5057549041,iyftq
9222434084,nodke
4685019987,qhvps
9399323950,fgezs
4399707173,otzit
5407754856,ykior
9576756199,cyrjt
2125784402,hwhni
5655376665,ndpiv
8776814188,jqbop
6327002171,velun
6880949814,guxri
1513850317,otjgd
9804760880,cpbmc
1913882703,kzibk
8205440986,dlagb
9328164929,pbfcx
3905367732,sjrsc
8026626595,cgvlo
8573062718,angcb
9048221301,kmbsp
2026551544,lvclb
2571486647,dcejh
3015123810,bdqtv
4331504233,svepi
8975493116,sqxas
5499259659,zlgcd
5498357062,xpzaa
9479402525,cdeho
1081357248,lisdb
5722406431,pxytp
8184439274,gofgo
3887128977,zfzhh
4643612740,dewee
6529771763,ygkep
8139111246,asyux
6935240389,bkvcd
3653952392,kkrrq
4746904455,iqvhz
1698897778,emdcq
4690757561,kczuh
2519813004,oubop
2929977307,yqbvs
6543427670,efeyy
8425885293,vgqsn
3957495376,pzctb
4121307119,sfetz
5561353722,nivoy
9802332385,moonk
3862884308,iurns
3134474691,qkygc
6837872734,nybpt
7609231637,fkylf
3807768600,xypuo
5977044823,ohcew
1531845506,mnqec
5182659849,iwoic
1849761052,sycwp
7858886315,vbbtm
6050516838,hqmwn
5074757821,ckwgr
6583818464,svejb
9274091967,itxyc
3769835530,bqcem
9180450353,rzpvt
3803361636,dclpa
8884498579,atnwa
2588374382,epvky
3369766245,yurvs
2778995368,vwizc
3372806951,xtcmo
4842850194,xqskh
9713758297,uldhh
8002828460,dnwax
6073301883,wyrqv
2553243766,lntwn
4632023309,wtiaf
1286393712,wzxql
4028172175,fkwis
2605519898,enhcp
6729822081,fbpyr
4340167924,kkgfg
3157430627,tdbdf
3319947390,gbger
7732799413,slcov
5402691896,wukdx
8470434039,zkaqj
1893019042,rcvxh
2767304105,dtlew
1127290428,skyzq
3687003211,rrdvf
7440971654,atckx
3274308957,bljbb
6774392320,uudpr
3276142943,lsmyw
8812906026,lsjlr
9084930769,bckhy
9797450372,qhtuu
4760362035,qvfcw
7981506958,jwqmm
7625550341,jzgyz
7150461384,fjsqu
7173593287,ltywc
2659363250,yomsi
4860532473,gkdnm
7085086156,bwjtl
3800713499,xckfa
4828887702,mmlec
9420545965,frygn
1845369488,aedmy
2766663471,lsjqi
5113837114,xteim
4404483617,phrcn
5508060180,rozdu
2683168003,eklcs
1360432286,bcxep
7582982229,xsjik
4256531032,rggwq
1401055895,snyjp
2436078018,nddog
7171542601,zsslu
2616298844,lozku
3956179947,ohozs
6093683110,zrafp
9981249533,qzcqj
8620144416,udmzs
8036936959,uzkok
8789580362,hzagj
4595091825,uwtjv
7510832548,lkmlr
9741387731,ddsgu
9583046574,dcxrb
7257882277,rlaca
7429432040,mlbmr
9031977063,ljngu
7685422546,ktexg
1407777689,xcjpi
2577235692,dtmdm
1135853755,ouyoy
1866833078,adlbr
6217398861,coarw
8579280304,uepad
8178790607,vzfhp
6768506970,qkkcp
5152550593,wqmwh
2217466676,mykyc
1580704419,dcqew
7208697022,pyaeb
3396541685,dcaij
2341279608,ryvdb
8180775991,latzy
8810200034,clxoj
2028104937,bsorw
4604107900,kiwkp
8700170123,xprax
2717476806,cryxv
4080917149,zkxuj
9713164352,vxxul
8990355615,ivfwp
3811372138,bizau
7052719121,oxjfx
1121005764,hjrfh
3555025267,mgtjc
4669434830,fgbcd
8072035653,nkasj
8526652936,rwrrw
4073615879,mhvvp
7559837682,veyml
9770495545,hatbl
6194310668,ygtzk
1094428251,ymuzh
2996897494,fsfxl
1948751597,dltyi
4937687760,ivpih
5705347183,cqjwt
7826195066,uuzqt
5364000609,joifp
8657917012,rliyk
9830161475,vbvqz
5447295198,faxuj
4407103381,exbqv
4563075224,ukrta
5838483927,merwj
6622066690,gpwqn
9077304713,gmode
4637303196,qlfnf
2397271339,otepl
4356602342,bjyue
7502553405,yjkrf
2567525728,vyxso
1931944511,kacbe
4584738954,htpmg
7293422257,wcbdt
5175771620,ngelb
3705108243,klkud
9821177326,rpdoh
7258628069,tbkyc
5445093672,ofvft
4360871335,ddxgg
3592202258,qtpwg
3450151641,sguca
1467088684,zvrcm
8822766587,bxnlv
8292002550,pbamg
7145957773,vplsv
5079017456,ukrjg
4673270799,zbotf
6152591002,osaiw
5218315265,ojubw
1598524788,rsxue
7582924771,fpvqk
2255324414,rkukv
5375716917,djwrf
8903959480,dizgq
5997053303,wubsw
5952023586,xlouf
6006399529,vbvqr
2148294332,fhebt
9128085195,bedaw
3703693318,kdgjj
1791463901,whexb
4634646144,cwnsq
2341473247,snrne
3184842410,kunqy
9895594833,hsems
7821395716,cwvif
4263214259,hennd
8541403662,qpzdj
9383381125,rwxkl
4064907848,bxion
7376969031,gxfmj
5930253874,zphxx
6549235577,neecr
8547851340,jsily
6518782363,rcuqp
3908333846,hrmpi
1088914989,bxfjk
5881118992,rizyf
2517403055,ynler
1879368378,commz
7480640161,kgdgw
3107347604,unogf
8268203907,ykcft
9646186270,owdpx
6583815893,lomws
3274037976,ebisn
6768701719,hcvni
3156640322,shxio
6303350985,cgahn
1384274908,tvmyl
1083677291,jjbxg
1771127334,tbhct
8207578237,wlxsy
3373047200,hmghu
7847895423,wjcws
3819708106,probr
4227774449,bmbck
1797167652,jxnqb
5754424915,hongi
2856827438,nqutx
3007280421,orgqp
7166793064,bggpj
8516558567,yqwbu
7861634130,gkrtc
4108220953,tcqil
1286544236,zvbvp
3031333179,ykigc
4671900982,yhkgy
7123824845,ugqsh
2614225968,katcv
7912649551,vxaof
6179544794,lpaok
3784344897,rmwau
8485147060,zyejg
3201992483,cfntx
7255746366,wfxqh
3384577909,vngvb
7090040312,lgqmu
1904750775,ddizf
2013670498,cyfik
8300984681,mnpbi
3334582524,pznop
8040137227,xjdde
2856785990,gpmxd
9006410013,gaiqb
4148514496,ovavd
5132708639,kjqbk
5800785642,yqkoh
2830402705,blqgo
7452361028,xnfjm
3513485811,isoti
2797106254,pjfre
9753135557,jdobf
9829750920,acxmq
3438673543,eobxw
8226048626,rwjxf
7760925369,xhzla
7993336972,kdlpu
7873980635,qayge
3367497558,dggct
8731352941,wjjzg
8372315984,fqcrp
7832539887,joxjc
6497241850,zvflk
9455983073,bdnzj
6589548756,repzh
1394428099,kvstw
4296894302,yzocs
9248684565,elgdw
6236280088,ierpp
9975786071,erutq
5505411714,dkxvj
2627550217,ghgyb
9192458780,ewcsa
1055538603,uyncb
2180214886,kngdc
2798416829,xjtsc
4780657632,mxoju
2407714495,zrchp
1575908618,dlnhe
9107985201,ndeaf
6281593444,gmsos
4927366547,xlbsf
1488601710,gefwp
2274540133,zwgbd
4779247016,xepkn
1378091559,vzqza
2953826962,yhosv
4044270425,gpjki
6943583148,qsovo
5829150331,evkmw
4426061174,okdfw
8961188877,qcwjd
6198870640,yhlmz
6190187663,ivrrh
4007845146,zkznf
4178652289,ntayg
2765602292,zoscv
7091552355,ouxmf
8936503678,akonz
6680481461,qywhp
2304014904,dibcv
1398217207,hrpjp
4376465570,xifpm
1919681193,afhzs
5327209276,ocedp
8885299019,dtnza
9605183622,feigg
7722760285,fpywz
8191870208,pvhvm
7043178591,uxsdx
1920654634,mtzqw
6347651537,qupev
7314586500,rlabt
1620220723,ijjgf
3038539406,iybpv
3823231749,nlshq
3301770952,ptkok
5351094215,ifgyl
1386882738,brydt
9138441721,rmcau
4921180364,jisma
4358691867,nanij
2546433430,gxdqo
4489006253,pavxy
7283035536,iasge
3957650479,nxsry
1124564282,magfp
2629754145,iupwc
8238741268,accfu
4027470851,suunt
3590792094,vxund
4420538197,accst
7845206360,aevjl
5763237783,ktibp
8041897666,mctoh
5893755209,niekx
3782763612,xfutu
5451940075,ztwcn
8504645798,reson
7611465981,fzjnc
7854689824,ycgus
7962390527,ohbut
8224105290,ytytn
5720115313,usisu
2136325796,wjbqa
5876745939,ovbzl
4425568942,dynku
4950852005,habiw
4981796328,xhpva
6631627111,csunk
9278073554,rjwsz
8853448857,wiwxi
9936330220,jciym
9676838843,cgofo
2227519926,kcvaa
8791822669,xesur
6642180272,elcad
4499689935,dylav
5507392858,vlydk
3669154241,mfsdl
8066143284,gnpep
2402913187,pdwjx
4475081150,poisq
9990608373,nvpbx
9816680056,kwlkc
1164185399,vzhpc
6461797602,uvpkb
1711653865,hbfdl
4958635388,esbpm
8145247371,rcigf
4064099014,htesf
3359983517,gpene
4573558080,ikcaw
4058623903,dhxkm
6245006186,krgng
5159034129,tfkdn
1353620932,qkiuf
6439943795,qauup
3252723918,bfzdf
9321106501,ximxv
5757140744,ahmgv
9913859847,uzcec
8204961010,runcq
3318085433,ussoo
6693698316,irtjw
6581568859,yhfmg
8226850262,cmnot
4777759725,kisoo
5346858448,xilmk
3297931631,bgcww
3270468474,qgomp
3693742177,kkyrz
7582489940,etluj
6246192963,ggtbx
6183956446,iyfvk
8876989589,pyqtu
9430685592,olacx
4058301655,spkqg
3238238978,jxcwt
2016922761,ldbhe
4369282204,yrefm
3768830507,oukgp
7159344870,fubfz
7360146493,axomq
6576980576,uvpwu
6130496319,ikxjr
6754326922,dkijp
5854769585,uzmgf
2964065508,blbet
6259279891,chsqt
7458781934,knpzj
3648324837,lhvit
5628725800,mndww
6217146023,ssvez
7573970706,cikfo
1067289049,fivay
3426974252,pklgk
5980363515,xrtsb
6601538038,ohord
5646203021,mmwhs
1584167664,xjcjo
7281425167,rpwmp
4923832730,xdbij
7414391553,lhcha
6716126836,dvhtp
5052567779,mfdkm
4117827582,vhxyr
3488283445,opimd
3267856568,xlhyu
5638892151,smdvt
2430639394,daqmu
2057331497,hbzkl
1217865660,ogtng
2589083083,mdxuq
8384648966,atdjt
2091532509,xcfdx
5936086912,agxtv
9671729375,tawtl
5120221098,jjtew
9538547281,zqcym
7323397124,uyfxk
3805243827,zxmga
2924024590,lhgka
6418420613,decbz
5800737096,nligp
2829383239,ghiif
7430952242,ucgca
3063901305,qdxcj
2355831628,xpsfz
9486368411,sldvm
4227640854,ckzmt
2794362157,ptazd
3695509520,gvioz
2619604143,iechi
8025591226,mgxen
8551319969,yzycw
8591623572,nggmt
1437999235,zdoce
8211888158,tkaby
4463555541,zlccs
7748570584,mqalu
8733886487,ojton
9425520450,pduys
6949833673,pzvfb
3960411356,aylca
2182542699,jdlnf
1847300902,gzvgm
7807223165,swwnn
4965590688,jfsdd
9291308671,kucgz
5131386314,giark
5773016817,adnns
2247257380,vtssc
4206309203,gmaca
7346397486,nmfgr
2288251429,isomy
8067184232,nuipm
1424773095,srrif
6934139218,jfadz
9630827801,ckmfm
1261288044,msata
6500953147,sbtgp
3533920310,tvkcn
2226230733,ywerg
2764749616,jalmg
9073646159,loqzt
4560473562,enohg
9783849025,qbhlj
6474733748,yhekj
6983312931,tkhyb
9663475774,ohebt
6946895477,kokcn
1898709240,fiavp
4886798263,goqpb
8636667746,zqiga
4383926889,tzndz
6076368892,orhsu
9617650955,cejoi
9984574278,wwrzt
9689964061,ihjzz
7503149504,lapvi
4580043807,rpkes
7194824170,jvlqp
3105211793,fvuol
5223351876,cnjvo
5704293619,devmf
1804070222,uzhlv
7899378885,qdmaj
1900860808,ejerc
5931981191,uyzqp
7585509234,kucws
7309598137,sbwpn
5515465100,dkpkx
1838671323,kaawc
6626002006,mcmqv
3159946349,omtpc
9372777552,ibzmx
5842232815,reypu
7700793338,osgdc
8730564321,dpfgl
4355754964,hspvi
6484758467,kjxda
4193832030,zmcaa
2084376853,zrfyg
6785818136,boyjr
4516085079,dmgks
2851690882,trmin
7899412745,xsyux
3901571868,zvlbw
1946913451,mcntc
9899086694,wwqwf
3894724797,hztpl
4803124960,oifas
9879528383,sxmsr
6484000266,ktnxw
8177909809,ljzae
2750010212,bwast
3764118675,hbubr
8060396398,gpblp
3282228581,ufpgz
8940704424,gsvvq
2768697127,ribsj
3156543890,iwfkq
9301325913,astxt
4341748396,kfios
3190620539,zizoq
4016935542,yxlts
4369550605,dnbgh
6774466928,modrz
1277709711,vurpr
3845808154,mzwwp
7775875457,qvxpk
7307288820,qnhbj
7466969443,bgwem
5820262526,fsdjk
5239417269,cegvv
3041666872,zjxvf
5888908535,mlama
9680983458,mcpvf
9314556841,azlwd
5619597884,zewcn
7025459787,igtqd
1548559750,ppmom
7533658973,razsm
5220742656,bgoqc
2649499999,vrbip
6653404202,gktem
7735392465,iovee
4457145988,yvvlj
2613969971,hcjgw
6907273614,wjfma
8066650117,hitks
9413556680,kscgx
8698594503,ronmu
3684388786,ukppx
1386068729,yzckf
5121347532,agrfu
3562202395,roemy
1820154518,xytbe
8237149101,ssvfe
8994035344,pzrhr
1888646447,ohqqr
3675479610,xrxoy
6198976033,uhnyv
9192400916,nvuix
7054323459,aarxg
8154696862,wphnw
8262538325,addqw
8527209048,vqpue
6085294231,noocn
3805083074,jskfa
7920648777,jgbbd
5347528540,jzsso
9312003563,qtrwl
9565979046,ntbcn
6899464189,isewu
8902652192,thmfn
3969600255,pptqs
9375509578,yzrtt
9899605361,flmyh
9905616804,amabq
2031857107,qlkuh
2682903470,fpptu
5354877093,eijza
8466323176,bxbus
5806690919,vbeja
1954413522,ljool
3056588185,geyra
3202256108,gypxr
4261282491,jdcvc
9500836534,cybet
6531471437,uzuai
5174804400,wlskb
4684796623,frhdk
7394633306,hliwk
8301203649,zinbd
1339180852,rgbtk
3136702115,unlrn
2884648638,tnana
7591525621,eutla
2435942264,dtnlr
9168691767,amzpo
7556431330,chwga
4698962153,gcnrt
5692109436,cmjec
9548202379,jiyeu
4526154182,ahnos
5063142045,gqegf
8339887168,ukmqq
9151534751,mytbr
6196133994,ofgzk
8132718097,ikuio
7800984260,ojvdz
7834573683,nkpuq
9539951566,uqcjj
4352887109,txhoz
1424533512,zegfe
3929107975,sponx
6525171698,fdgah
5042509881,hqrwm
1906611724,jtclc
3052750427,lgzvw
7121663190,audjb
3568831213,hbsxo
4959359696,pcuyf
5160457839,bfvue
1383518842,hfxls
7067799905,zxzas
7437702228,xboam
7205651011,rjnjj
6332575454,eanyy
3997988757,szgpv
9971668120,kwaji
4418934743,skhtk
2811533826,ztnpt
6056114569,zgfpp
6192310172,otpdr
7052417835,qwsyl
8114678758,pkkpt
7422158141,ujdbd
8879225184,pcydr
4477633087,texyt
6044199050,oomfs
9942084273,fvozt
2797673956,boflf
9765057299,yhpdi
1080107502,utksy
8696161765,dlecm
1633301288,yqamw
4313231271,uutkt
7591760914,pmkuz
8440883417,pthgy
6272455980,rarcu
6735479803,rhiwk
2458980086,uucwi
9652486029,yrcub
8716110832,yjpid
2052231695,pzyyg
4110769818,zpiqt
3340070401,fkbng
9155382644,ljcnf
3276939747,kowpi
6829638910,aptpz
4436321333,wgaxe
6176652216,iwuro
7723600759,nyyol
8209520162,gbuir
7413827625,bvfam
9704284348,pabir
7803875531,cgycf
1895290374,cldye
4815002077,smcsc
7128947840,pzelj
8721808863,xmeeo
7171890346,stqvd
5623601489,ixlic
7109535492,tmnwl
3314149555,tqxvl
8611044878,bkkhv
9845846661,vejai
9776684104,yudoq
3324270407,iynwg
9823582770,ppten
3309142393,exedu
5505894476,pgebo
4637688219,bwuly
5405356822,djtiz
7526397485,ltyyp
5068251408,eqgzw
8447183791,tfwzk
2404763834,qorxr
8513944737,hyqbj
2806743700,ogujp
3955521923,uuksv
8079864606,bynha
5691060949,jaffa
4526184152,qyqjv
5063771415,iqtyr
8353103938,foyzy
9429086921,pvuzp
3024729564,paocj
4533225067,oolvt
4211630630,nntew
4458147453,oomio
1635000736,enceo
9348919679,ctkzu
7341217482,zowpt
2179471345,ffhqb
5782802468,ceowk
7452756051,nkazs
7521781294,ofhsl
3971311397,wxeiw
8411443560,ahmwz
3654218983,fdemw
6752502866,hpcyn
6816464409,mlxmm
9159656812,scszu
8366697275,dxrkh
7714546998,pmpcj
4019391181,qhmuw
2421119024,kenmc
2857403727,aypzm
4019382490,brovt
5420936513,lbscl
5853570996,auxry
6938895139,ihhxb
6730702142,dhfsu
9358649205,juuyu
2545537528,halxx
7470192311,giyzn
9887942754,lzhlq
7660702057,ftxms
9888647420,asaik
9675500043,wthss
6199405126,bzumx
9201411869,rvhqu
7243553472,udvbo
3128527135,niimx
1712974058,corey
5986359441,daskt
6727452484,mluga
8290406387,tzvbr
3112438350,rvvmz
3375109573,jbjtn
3891205256,iwbza
3729214599,addun
1327410802,ygzso
8889531065,zonwr
3694056588,fnocb
3589092571,plczh
